[
  {
    "id_country": "1",
    "id_zone": "1",
    "id_currency": "0",
    "iso_code": "DE",
    "call_prefix": "49",
    "active": "0",
    "contains_states": "0",
    "need_identification_number": "0",
    "need_zip_code": "1",
    "zip_code_format": "NNNNN",
    "display_tax_label": "1",
    "id_lang": "1",
    "name": "Germany"
  },
  {
    "id_country": "2",
    "id_zone": "1",
    "id_currency": "0",
    "iso_code": "AT",
    "call_prefix": "43",
    "active": "0",
    "contains_states": "0",
    "need_identification_number": "0",
    "need_zip_code": "1",
    "zip_code_format": "NNNN",
    "display_tax_label": "1",
    "id_lang": "1",
    "name": "Austria"
  },
  {
    "id_country": "3",
    "id_zone": "1",
    "id_currency": "0",
    "iso_code": "BE",
    "call_prefix": "32",
    "active": "0",
    "contains_states": "0",
    "need_identification_number": "0",
    "need_zip_code": "1",
    "zip_code_format": "NNNN",
    "display_tax_label": "1",
    "id_lang": "1",
    "name": "Belgium"
  },
  {
    "id_country": "4",
    "id_zone": "2",
    "id_currency": "0",
    "iso_code": "CA",
    "call_prefix": "1",
    "active": "0",
    "contains_states": "1",
    "need_identification_number": "0",
    "need_zip_code": "1",
    "zip_code_format": "LNL NLN",
    "display_tax_label": "0",
    "id_lang": "1",
    "name": "Canada"
  },
  {
    "id_country": "5",
    "id_zone": "3",
    "id_currency": "0",
    "iso_code": "CN",
    "call_prefix": "86",
    "active": "0",
    "contains_states": "0",
    "need_identification_number": "0",
    "need_zip_code": "1",
    "zip_code_format": "NNNNNN",
    "display_tax_label": "1",
    "id_lang": "1",
    "name": "China"
  },
  {
    "id_country": "6",
    "id_zone": "1",
    "id_currency": "0",
    "iso_code": "ES",
    "call_prefix": "34",
    "active": "0",
    "contains_states": "0",
    "need_identification_number": "1",
    "need_zip_code": "1",
    "zip_code_format": "NNNNN",
    "display_tax_label": "1",
    "id_lang": "1",
    "name": "Spain"
  },
  {
    "id_country": "7",
    "id_zone": "1",
    "id_currency": "0",
    "iso_code": "FI",
    "call_prefix": "358",
    "active": "0",
    "contains_states": "0",
    "need_identification_number": "0",
    "need_zip_code": "1",
    "zip_code_format": "NNNNN",
    "display_tax_label": "1",
    "id_lang": "1",
    "name": "Finland"
  },
  {
    "id_country": "8",
    "id_zone": "1",
    "id_currency": "0",
    "iso_code": "FR",
    "call_prefix": "33",
    "active": "1",
    "contains_states": "0",
    "need_identification_number": "0",
    "need_zip_code": "1",
    "zip_code_format": "NNNNN",
    "display_tax_label": "1",
    "id_lang": "1",
    "name": "France"
  },
  {
    "id_country": "9",
    "id_zone": "1",
    "id_currency": "0",
    "iso_code": "GR",
    "call_prefix": "30",
    "active": "0",
    "contains_states": "0",
    "need_identification_number": "0",
    "need_zip_code": "1",
    "zip_code_format": "NNNNN",
    "display_tax_label": "1",
    "id_lang": "1",
    "name": "Greece"
  },
  {
    "id_country": "10",
    "id_zone": "1",
    "id_currency": "0",
    "iso_code": "IT",
    "call_prefix": "39",
    "active": "0",
    "contains_states": "1",
    "need_identification_number": "0",
    "need_zip_code": "1",
    "zip_code_format": "NNNNN",
    "display_tax_label": "1",
    "id_lang": "1",
    "name": "Italy"
  },
  {
    "id_country": "11",
    "id_zone": "3",
    "id_currency": "0",
    "iso_code": "JP",
    "call_prefix": "81",
    "active": "0",
    "contains_states": "1",
    "need_identification_number": "0",
    "need_zip_code": "1",
    "zip_code_format": "NNN-NNNN",
    "display_tax_label": "1",
    "id_lang": "1",
    "name": "Japan"
  },
  {
    "id_country": "12",
    "id_zone": "1",
    "id_currency": "0",
    "iso_code": "LU",
    "call_prefix": "352",
    "active": "0",
    "contains_states": "0",
    "need_identification_number": "0",
    "need_zip_code": "1",
    "zip_code_format": "NNNN",
    "display_tax_label": "1",
    "id_lang": "1",
    "name": "Luxemburg"
  },
  {
    "id_country": "13",
    "id_zone": "1",
    "id_currency": "0",
    "iso_code": "NL",
    "call_prefix": "31",
    "active": "0",
    "contains_states": "0",
    "need_identification_number": "0",
    "need_zip_code": "1",
    "zip_code_format": "NNNN LL",
    "display_tax_label": "1",
    "id_lang": "1",
    "name": "Netherlands"
  },
  {
    "id_country": "14",
    "id_zone": "1",
    "id_currency": "0",
    "iso_code": "PL",
    "call_prefix": "48",
    "active": "0",
    "contains_states": "0",
    "need_identification_number": "0",
    "need_zip_code": "1",
    "zip_code_format": "NN-NNN",
    "display_tax_label": "1",
    "id_lang": "1",
    "name": "Poland"
  },
  {
    "id_country": "15",
    "id_zone": "1",
    "id_currency": "0",
    "iso_code": "PT",
    "call_prefix": "351",
    "active": "0",
    "contains_states": "0",
    "need_identification_number": "0",
    "need_zip_code": "1",
    "zip_code_format": "NNNN-NNN",
    "display_tax_label": "1",
    "id_lang": "1",
    "name": "Portugal"
  },
  {
    "id_country": "16",
    "id_zone": "1",
    "id_currency": "0",
    "iso_code": "CZ",
    "call_prefix": "420",
    "active": "0",
    "contains_states": "0",
    "need_identification_number": "0",
    "need_zip_code": "1",
    "zip_code_format": "NNN NN",
    "display_tax_label": "1",
    "id_lang": "1",
    "name": "Czech Republic"
  },
  {
    "id_country": "17",
    "id_zone": "1",
    "id_currency": "0",
    "iso_code": "GB",
    "call_prefix": "44",
    "active": "0",
    "contains_states": "0",
    "need_identification_number": "0",
    "need_zip_code": "1",
    "zip_code_format": "",
    "display_tax_label": "1",
    "id_lang": "1",
    "name": "United Kingdom"
  },
  {
    "id_country": "18",
    "id_zone": "1",
    "id_currency": "0",
    "iso_code": "SE",
    "call_prefix": "46",
    "active": "0",
    "contains_states": "0",
    "need_identification_number": "0",
    "need_zip_code": "1",
    "zip_code_format": "NNN NN",
    "display_tax_label": "1",
    "id_lang": "1",
    "name": "Sweden"
  },
  {
    "id_country": "19",
    "id_zone": "7",
    "id_currency": "0",
    "iso_code": "CH",
    "call_prefix": "41",
    "active": "0",
    "contains_states": "0",
    "need_identification_number": "0",
    "need_zip_code": "1",
    "zip_code_format": "NNNN",
    "display_tax_label": "1",
    "id_lang": "1",
    "name": "Switzerland"
  },
  {
    "id_country": "20",
    "id_zone": "1",
    "id_currency": "0",
    "iso_code": "DK",
    "call_prefix": "45",
    "active": "0",
    "contains_states": "0",
    "need_identification_number": "0",
    "need_zip_code": "1",
    "zip_code_format": "NNNN",
    "display_tax_label": "1",
    "id_lang": "1",
    "name": "Denmark"
  },
  {
    "id_country": "21",
    "id_zone": "2",
    "id_currency": "0",
    "iso_code": "US",
    "call_prefix": "1",
    "active": "0",
    "contains_states": "1",
    "need_identification_number": "0",
    "need_zip_code": "1",
    "zip_code_format": "NNNNN",
    "display_tax_label": "0",
    "id_lang": "1",
    "name": "United States"
  },
  {
    "id_country": "22",
    "id_zone": "3",
    "id_currency": "0",
    "iso_code": "HK",
    "call_prefix": "852",
    "active": "0",
    "contains_states": "0",
    "need_identification_number": "0",
    "need_zip_code": "0",
    "zip_code_format": "",
    "display_tax_label": "1",
    "id_lang": "1",
    "name": "HongKong"
  },
  {
    "id_country": "23",
    "id_zone": "7",
    "id_currency": "0",
    "iso_code": "NO",
    "call_prefix": "47",
    "active": "0",
    "contains_states": "0",
    "need_identification_number": "0",
    "need_zip_code": "1",
    "zip_code_format": "NNNN",
    "display_tax_label": "1",
    "id_lang": "1",
    "name": "Norway"
  },
  {
    "id_country": "24",
    "id_zone": "5",
    "id_currency": "0",
    "iso_code": "AU",
    "call_prefix": "61",
    "active": "0",
    "contains_states": "1",
    "need_identification_number": "0",
    "need_zip_code": "1",
    "zip_code_format": "NNNN",
    "display_tax_label": "1",
    "id_lang": "1",
    "name": "Australia"
  },
  {
    "id_country": "25",
    "id_zone": "3",
    "id_currency": "0",
    "iso_code": "SG",
    "call_prefix": "65",
    "active": "0",
    "contains_states": "0",
    "need_identification_number": "0",
    "need_zip_code": "1",
    "zip_code_format": "NNNNNN",
    "display_tax_label": "1",
    "id_lang": "1",
    "name": "Singapore"
  },
  {
    "id_country": "26",
    "id_zone": "1",
    "id_currency": "0",
    "iso_code": "IE",
    "call_prefix": "353",
    "active": "0",
    "contains_states": "0",
    "need_identification_number": "0",
    "need_zip_code": "0",
    "zip_code_format": "",
    "display_tax_label": "1",
    "id_lang": "1",
    "name": "Ireland"
  },
  {
    "id_country": "27",
    "id_zone": "5",
    "id_currency": "0",
    "iso_code": "NZ",
    "call_prefix": "64",
    "active": "0",
    "contains_states": "0",
    "need_identification_number": "0",
    "need_zip_code": "1",
    "zip_code_format": "NNNN",
    "display_tax_label": "1",
    "id_lang": "1",
    "name": "New Zealand"
  },
  {
    "id_country": "28",
    "id_zone": "3",
    "id_currency": "0",
    "iso_code": "KR",
    "call_prefix": "82",
    "active": "0",
    "contains_states": "0",
    "need_identification_number": "0",
    "need_zip_code": "1",
    "zip_code_format": "NNNNN",
    "display_tax_label": "1",
    "id_lang": "1",
    "name": "South Korea"
  },
  {
    "id_country": "29",
    "id_zone": "3",
    "id_currency": "0",
    "iso_code": "IL",
    "call_prefix": "972",
    "active": "0",
    "contains_states": "0",
    "need_identification_number": "0",
    "need_zip_code": "1",
    "zip_code_format": "NNNNNNN",
    "display_tax_label": "1",
    "id_lang": "1",
    "name": "Israel"
  },
  {
    "id_country": "30",
    "id_zone": "4",
    "id_currency": "0",
    "iso_code": "ZA",
    "call_prefix": "27",
    "active": "0",
    "contains_states": "0",
    "need_identification_number": "0",
    "need_zip_code": "1",
    "zip_code_format": "NNNN",
    "display_tax_label": "1",
    "id_lang": "1",
    "name": "South Africa"
  },
  {
    "id_country": "31",
    "id_zone": "4",
    "id_currency": "0",
    "iso_code": "NG",
    "call_prefix": "234",
    "active": "0",
    "contains_states": "0",
    "need_identification_number": "0",
    "need_zip_code": "1",
    "zip_code_format": "",
    "display_tax_label": "1",
    "id_lang": "1",
    "name": "Nigeria"
  },
  {
    "id_country": "32",
    "id_zone": "4",
    "id_currency": "0",
    "iso_code": "CI",
    "call_prefix": "225",
    "active": "0",
    "contains_states": "0",
    "need_identification_number": "0",
    "need_zip_code": "1",
    "zip_code_format": "",
    "display_tax_label": "1",
    "id_lang": "1",
    "name": "Ivory Coast"
  },
  {
    "id_country": "33",
    "id_zone": "4",
    "id_currency": "0",
    "iso_code": "TG",
    "call_prefix": "228",
    "active": "0",
    "contains_states": "0",
    "need_identification_number": "0",
    "need_zip_code": "1",
    "zip_code_format": "",
    "display_tax_label": "1",
    "id_lang": "1",
    "name": "Togo"
  },
  {
    "id_country": "34",
    "id_zone": "6",
    "id_currency": "0",
    "iso_code": "BO",
    "call_prefix": "591",
    "active": "0",
    "contains_states": "0",
    "need_identification_number": "0",
    "need_zip_code": "1",
    "zip_code_format": "",
    "display_tax_label": "1",
    "id_lang": "1",
    "name": "Bolivia"
  },
  {
    "id_country": "35",
    "id_zone": "4",
    "id_currency": "0",
    "iso_code": "MU",
    "call_prefix": "230",
    "active": "0",
    "contains_states": "0",
    "need_identification_number": "0",
    "need_zip_code": "1",
    "zip_code_format": "",
    "display_tax_label": "1",
    "id_lang": "1",
    "name": "Mauritius"
  },
  {
    "id_country": "36",
    "id_zone": "1",
    "id_currency": "0",
    "iso_code": "RO",
    "call_prefix": "40",
    "active": "0",
    "contains_states": "0",
    "need_identification_number": "0",
    "need_zip_code": "1",
    "zip_code_format": "NNNNNN",
    "display_tax_label": "1",
    "id_lang": "1",
    "name": "Romania"
  },
  {
    "id_country": "37",
    "id_zone": "1",
    "id_currency": "0",
    "iso_code": "SK",
    "call_prefix": "421",
    "active": "0",
    "contains_states": "0",
    "need_identification_number": "0",
    "need_zip_code": "1",
    "zip_code_format": "NNN NN",
    "display_tax_label": "1",
    "id_lang": "1",
    "name": "Slovakia"
  },
  {
    "id_country": "38",
    "id_zone": "4",
    "id_currency": "0",
    "iso_code": "DZ",
    "call_prefix": "213",
    "active": "0",
    "contains_states": "0",
    "need_identification_number": "0",
    "need_zip_code": "1",
    "zip_code_format": "NNNNN",
    "display_tax_label": "1",
    "id_lang": "1",
    "name": "Algeria"
  },
  {
    "id_country": "39",
    "id_zone": "2",
    "id_currency": "0",
    "iso_code": "AS",
    "call_prefix": "0",
    "active": "0",
    "contains_states": "0",
    "need_identification_number": "0",
    "need_zip_code": "1",
    "zip_code_format": "",
    "display_tax_label": "1",
    "id_lang": "1",
    "name": "American Samoa"
  },
  {
    "id_country": "40",
    "id_zone": "7",
    "id_currency": "0",
    "iso_code": "AD",
    "call_prefix": "376",
    "active": "0",
    "contains_states": "0",
    "need_identification_number": "0",
    "need_zip_code": "1",
    "zip_code_format": "CNNN",
    "display_tax_label": "1",
    "id_lang": "1",
    "name": "Andorra"
  },
  {
    "id_country": "41",
    "id_zone": "4",
    "id_currency": "0",
    "iso_code": "AO",
    "call_prefix": "244",
    "active": "0",
    "contains_states": "0",
    "need_identification_number": "0",
    "need_zip_code": "0",
    "zip_code_format": "",
    "display_tax_label": "1",
    "id_lang": "1",
    "name": "Angola"
  },
  {
    "id_country": "42",
    "id_zone": "8",
    "id_currency": "0",
    "iso_code": "AI",
    "call_prefix": "0",
    "active": "0",
    "contains_states": "0",
    "need_identification_number": "0",
    "need_zip_code": "1",
    "zip_code_format": "",
    "display_tax_label": "1",
    "id_lang": "1",
    "name": "Anguilla"
  },
  {
    "id_country": "43",
    "id_zone": "2",
    "id_currency": "0",
    "iso_code": "AG",
    "call_prefix": "0",
    "active": "0",
    "contains_states": "0",
    "need_identification_number": "0",
    "need_zip_code": "1",
    "zip_code_format": "",
    "display_tax_label": "1",
    "id_lang": "1",
    "name": "Antigua and Barbuda"
  },
  {
    "id_country": "44",
    "id_zone": "6",
    "id_currency": "0",
    "iso_code": "AR",
    "call_prefix": "54",
    "active": "0",
    "contains_states": "1",
    "need_identification_number": "0",
    "need_zip_code": "1",
    "zip_code_format": "LNNNNLLL",
    "display_tax_label": "1",
    "id_lang": "1",
    "name": "Argentina"
  },
  {
    "id_country": "45",
    "id_zone": "3",
    "id_currency": "0",
    "iso_code": "AM",
    "call_prefix": "374",
    "active": "0",
    "contains_states": "0",
    "need_identification_number": "0",
    "need_zip_code": "1",
    "zip_code_format": "NNNN",
    "display_tax_label": "1",
    "id_lang": "1",
    "name": "Armenia"
  },
  {
    "id_country": "46",
    "id_zone": "8",
    "id_currency": "0",
    "iso_code": "AW",
    "call_prefix": "297",
    "active": "0",
    "contains_states": "0",
    "need_identification_number": "0",
    "need_zip_code": "1",
    "zip_code_format": "",
    "display_tax_label": "1",
    "id_lang": "1",
    "name": "Aruba"
  },
  {
    "id_country": "47",
    "id_zone": "3",
    "id_currency": "0",
    "iso_code": "AZ",
    "call_prefix": "994",
    "active": "0",
    "contains_states": "0",
    "need_identification_number": "0",
    "need_zip_code": "1",
    "zip_code_format": "CNNNN",
    "display_tax_label": "1",
    "id_lang": "1",
    "name": "Azerbaijan"
  },
  {
    "id_country": "48",
    "id_zone": "2",
    "id_currency": "0",
    "iso_code": "BS",
    "call_prefix": "0",
    "active": "0",
    "contains_states": "0",
    "need_identification_number": "0",
    "need_zip_code": "1",
    "zip_code_format": "",
    "display_tax_label": "1",
    "id_lang": "1",
    "name": "Bahamas"
  },
  {
    "id_country": "49",
    "id_zone": "3",
    "id_currency": "0",
    "iso_code": "BH",
    "call_prefix": "973",
    "active": "0",
    "contains_states": "0",
    "need_identification_number": "0",
    "need_zip_code": "1",
    "zip_code_format": "",
    "display_tax_label": "1",
    "id_lang": "1",
    "name": "Bahrain"
  },
  {
    "id_country": "50",
    "id_zone": "3",
    "id_currency": "0",
    "iso_code": "BD",
    "call_prefix": "880",
    "active": "0",
    "contains_states": "0",
    "need_identification_number": "0",
    "need_zip_code": "1",
    "zip_code_format": "NNNN",
    "display_tax_label": "1",
    "id_lang": "1",
    "name": "Bangladesh"
  },
  {
    "id_country": "51",
    "id_zone": "2",
    "id_currency": "0",
    "iso_code": "BB",
    "call_prefix": "0",
    "active": "0",
    "contains_states": "0",
    "need_identification_number": "0",
    "need_zip_code": "1",
    "zip_code_format": "CNNNNN",
    "display_tax_label": "1",
    "id_lang": "1",
    "name": "Barbados"
  },
  {
    "id_country": "52",
    "id_zone": "7",
    "id_currency": "0",
    "iso_code": "BY",
    "call_prefix": "0",
    "active": "0",
    "contains_states": "0",
    "need_identification_number": "0",
    "need_zip_code": "1",
    "zip_code_format": "NNNNNN",
    "display_tax_label": "1",
    "id_lang": "1",
    "name": "Belarus"
  },
  {
    "id_country": "53",
    "id_zone": "8",
    "id_currency": "0",
    "iso_code": "BZ",
    "call_prefix": "501",
    "active": "0",
    "contains_states": "0",
    "need_identification_number": "0",
    "need_zip_code": "0",
    "zip_code_format": "",
    "display_tax_label": "1",
    "id_lang": "1",
    "name": "Belize"
  },
  {
    "id_country": "54",
    "id_zone": "4",
    "id_currency": "0",
    "iso_code": "BJ",
    "call_prefix": "229",
    "active": "0",
    "contains_states": "0",
    "need_identification_number": "0",
    "need_zip_code": "0",
    "zip_code_format": "",
    "display_tax_label": "1",
    "id_lang": "1",
    "name": "Benin"
  },
  {
    "id_country": "55",
    "id_zone": "2",
    "id_currency": "0",
    "iso_code": "BM",
    "call_prefix": "0",
    "active": "0",
    "contains_states": "0",
    "need_identification_number": "0",
    "need_zip_code": "1",
    "zip_code_format": "",
    "display_tax_label": "1",
    "id_lang": "1",
    "name": "Bermuda"
  },
  {
    "id_country": "56",
    "id_zone": "3",
    "id_currency": "0",
    "iso_code": "BT",
    "call_prefix": "975",
    "active": "0",
    "contains_states": "0",
    "need_identification_number": "0",
    "need_zip_code": "1",
    "zip_code_format": "",
    "display_tax_label": "1",
    "id_lang": "1",
    "name": "Bhutan"
  },
  {
    "id_country": "57",
    "id_zone": "4",
    "id_currency": "0",
    "iso_code": "BW",
    "call_prefix": "267",
    "active": "0",
    "contains_states": "0",
    "need_identification_number": "0",
    "need_zip_code": "1",
    "zip_code_format": "",
    "display_tax_label": "1",
    "id_lang": "1",
    "name": "Botswana"
  },
  {
    "id_country": "58",
    "id_zone": "6",
    "id_currency": "0",
    "iso_code": "BR",
    "call_prefix": "55",
    "active": "0",
    "contains_states": "0",
    "need_identification_number": "0",
    "need_zip_code": "1",
    "zip_code_format": "NNNNN-NNN",
    "display_tax_label": "1",
    "id_lang": "1",
    "name": "Brazil"
  },
  {
    "id_country": "59",
    "id_zone": "3",
    "id_currency": "0",
    "iso_code": "BN",
    "call_prefix": "673",
    "active": "0",
    "contains_states": "0",
    "need_identification_number": "0",
    "need_zip_code": "1",
    "zip_code_format": "LLNNNN",
    "display_tax_label": "1",
    "id_lang": "1",
    "name": "Brunei"
  },
  {
    "id_country": "60",
    "id_zone": "4",
    "id_currency": "0",
    "iso_code": "BF",
    "call_prefix": "226",
    "active": "0",
    "contains_states": "0",
    "need_identification_number": "0",
    "need_zip_code": "1",
    "zip_code_format": "",
    "display_tax_label": "1",
    "id_lang": "1",
    "name": "Burkina Faso"
  },
  {
    "id_country": "61",
    "id_zone": "3",
    "id_currency": "0",
    "iso_code": "MM",
    "call_prefix": "95",
    "active": "0",
    "contains_states": "0",
    "need_identification_number": "0",
    "need_zip_code": "1",
    "zip_code_format": "",
    "display_tax_label": "1",
    "id_lang": "1",
    "name": "Burma (Myanmar)"
  },
  {
    "id_country": "62",
    "id_zone": "4",
    "id_currency": "0",
    "iso_code": "BI",
    "call_prefix": "257",
    "active": "0",
    "contains_states": "0",
    "need_identification_number": "0",
    "need_zip_code": "1",
    "zip_code_format": "",
    "display_tax_label": "1",
    "id_lang": "1",
    "name": "Burundi"
  },
  {
    "id_country": "63",
    "id_zone": "3",
    "id_currency": "0",
    "iso_code": "KH",
    "call_prefix": "855",
    "active": "0",
    "contains_states": "0",
    "need_identification_number": "0",
    "need_zip_code": "1",
    "zip_code_format": "NNNNN",
    "display_tax_label": "1",
    "id_lang": "1",
    "name": "Cambodia"
  },
  {
    "id_country": "64",
    "id_zone": "4",
    "id_currency": "0",
    "iso_code": "CM",
    "call_prefix": "237",
    "active": "0",
    "contains_states": "0",
    "need_identification_number": "0",
    "need_zip_code": "1",
    "zip_code_format": "",
    "display_tax_label": "1",
    "id_lang": "1",
    "name": "Cameroon"
  },
  {
    "id_country": "65",
    "id_zone": "4",
    "id_currency": "0",
    "iso_code": "CV",
    "call_prefix": "238",
    "active": "0",
    "contains_states": "0",
    "need_identification_number": "0",
    "need_zip_code": "1",
    "zip_code_format": "NNNN",
    "display_tax_label": "1",
    "id_lang": "1",
    "name": "Cape Verde"
  },
  {
    "id_country": "66",
    "id_zone": "4",
    "id_currency": "0",
    "iso_code": "CF",
    "call_prefix": "236",
    "active": "0",
    "contains_states": "0",
    "need_identification_number": "0",
    "need_zip_code": "1",
    "zip_code_format": "",
    "display_tax_label": "1",
    "id_lang": "1",
    "name": "Central African Republic"
  },
  {
    "id_country": "67",
    "id_zone": "4",
    "id_currency": "0",
    "iso_code": "TD",
    "call_prefix": "235",
    "active": "0",
    "contains_states": "0",
    "need_identification_number": "0",
    "need_zip_code": "1",
    "zip_code_format": "",
    "display_tax_label": "1",
    "id_lang": "1",
    "name": "Chad"
  },
  {
    "id_country": "68",
    "id_zone": "6",
    "id_currency": "0",
    "iso_code": "CL",
    "call_prefix": "56",
    "active": "0",
    "contains_states": "0",
    "need_identification_number": "0",
    "need_zip_code": "1",
    "zip_code_format": "NNN-NNNN",
    "display_tax_label": "1",
    "id_lang": "1",
    "name": "Chile"
  },
  {
    "id_country": "69",
    "id_zone": "6",
    "id_currency": "0",
    "iso_code": "CO",
    "call_prefix": "57",
    "active": "0",
    "contains_states": "0",
    "need_identification_number": "0",
    "need_zip_code": "1",
    "zip_code_format": "NNNNNN",
    "display_tax_label": "1",
    "id_lang": "1",
    "name": "Colombia"
  },
  {
    "id_country": "70",
    "id_zone": "4",
    "id_currency": "0",
    "iso_code": "KM",
    "call_prefix": "269",
    "active": "0",
    "contains_states": "0",
    "need_identification_number": "0",
    "need_zip_code": "1",
    "zip_code_format": "",
    "display_tax_label": "1",
    "id_lang": "1",
    "name": "Comoros"
  },
  {
    "id_country": "71",
    "id_zone": "4",
    "id_currency": "0",
    "iso_code": "CD",
    "call_prefix": "242",
    "active": "0",
    "contains_states": "0",
    "need_identification_number": "0",
    "need_zip_code": "1",
    "zip_code_format": "",
    "display_tax_label": "1",
    "id_lang": "1",
    "name": "Congo, Dem. Republic"
  },
  {
    "id_country": "72",
    "id_zone": "4",
    "id_currency": "0",
    "iso_code": "CG",
    "call_prefix": "243",
    "active": "0",
    "contains_states": "0",
    "need_identification_number": "0",
    "need_zip_code": "1",
    "zip_code_format": "",
    "display_tax_label": "1",
    "id_lang": "1",
    "name": "Congo, Republic"
  },
  {
    "id_country": "73",
    "id_zone": "8",
    "id_currency": "0",
    "iso_code": "CR",
    "call_prefix": "506",
    "active": "0",
    "contains_states": "0",
    "need_identification_number": "0",
    "need_zip_code": "1",
    "zip_code_format": "NNNNN",
    "display_tax_label": "1",
    "id_lang": "1",
    "name": "Costa Rica"
  },
  {
    "id_country": "74",
    "id_zone": "1",
    "id_currency": "0",
    "iso_code": "HR",
    "call_prefix": "385",
    "active": "0",
    "contains_states": "0",
    "need_identification_number": "0",
    "need_zip_code": "1",
    "zip_code_format": "NNNNN",
    "display_tax_label": "1",
    "id_lang": "1",
    "name": "Croatia"
  },
  {
    "id_country": "75",
    "id_zone": "8",
    "id_currency": "0",
    "iso_code": "CU",
    "call_prefix": "53",
    "active": "0",
    "contains_states": "0",
    "need_identification_number": "0",
    "need_zip_code": "1",
    "zip_code_format": "",
    "display_tax_label": "1",
    "id_lang": "1",
    "name": "Cuba"
  },
  {
    "id_country": "76",
    "id_zone": "1",
    "id_currency": "0",
    "iso_code": "CY",
    "call_prefix": "357",
    "active": "0",
    "contains_states": "0",
    "need_identification_number": "0",
    "need_zip_code": "1",
    "zip_code_format": "NNNN",
    "display_tax_label": "1",
    "id_lang": "1",
    "name": "Cyprus"
  },
  {
    "id_country": "77",
    "id_zone": "4",
    "id_currency": "0",
    "iso_code": "DJ",
    "call_prefix": "253",
    "active": "0",
    "contains_states": "0",
    "need_identification_number": "0",
    "need_zip_code": "1",
    "zip_code_format": "",
    "display_tax_label": "1",
    "id_lang": "1",
    "name": "Djibouti"
  },
  {
    "id_country": "78",
    "id_zone": "8",
    "id_currency": "0",
    "iso_code": "DM",
    "call_prefix": "0",
    "active": "0",
    "contains_states": "0",
    "need_identification_number": "0",
    "need_zip_code": "1",
    "zip_code_format": "",
    "display_tax_label": "1",
    "id_lang": "1",
    "name": "Dominica"
  },
  {
    "id_country": "79",
    "id_zone": "8",
    "id_currency": "0",
    "iso_code": "DO",
    "call_prefix": "0",
    "active": "0",
    "contains_states": "0",
    "need_identification_number": "0",
    "need_zip_code": "1",
    "zip_code_format": "",
    "display_tax_label": "1",
    "id_lang": "1",
    "name": "Dominican Republic"
  },
  {
    "id_country": "80",
    "id_zone": "3",
    "id_currency": "0",
    "iso_code": "TL",
    "call_prefix": "670",
    "active": "0",
    "contains_states": "0",
    "need_identification_number": "0",
    "need_zip_code": "1",
    "zip_code_format": "",
    "display_tax_label": "1",
    "id_lang": "1",
    "name": "East Timor"
  },
  {
    "id_country": "81",
    "id_zone": "6",
    "id_currency": "0",
    "iso_code": "EC",
    "call_prefix": "593",
    "active": "0",
    "contains_states": "0",
    "need_identification_number": "0",
    "need_zip_code": "1",
    "zip_code_format": "CNNNNNN",
    "display_tax_label": "1",
    "id_lang": "1",
    "name": "Ecuador"
  },
  {
    "id_country": "82",
    "id_zone": "4",
    "id_currency": "0",
    "iso_code": "EG",
    "call_prefix": "20",
    "active": "0",
    "contains_states": "0",
    "need_identification_number": "0",
    "need_zip_code": "1",
    "zip_code_format": "NNNNN",
    "display_tax_label": "1",
    "id_lang": "1",
    "name": "Egypt"
  },
  {
    "id_country": "83",
    "id_zone": "8",
    "id_currency": "0",
    "iso_code": "SV",
    "call_prefix": "503",
    "active": "0",
    "contains_states": "0",
    "need_identification_number": "0",
    "need_zip_code": "1",
    "zip_code_format": "",
    "display_tax_label": "1",
    "id_lang": "1",
    "name": "El Salvador"
  },
  {
    "id_country": "84",
    "id_zone": "4",
    "id_currency": "0",
    "iso_code": "GQ",
    "call_prefix": "240",
    "active": "0",
    "contains_states": "0",
    "need_identification_number": "0",
    "need_zip_code": "1",
    "zip_code_format": "",
    "display_tax_label": "1",
    "id_lang": "1",
    "name": "Equatorial Guinea"
  },
  {
    "id_country": "85",
    "id_zone": "4",
    "id_currency": "0",
    "iso_code": "ER",
    "call_prefix": "291",
    "active": "0",
    "contains_states": "0",
    "need_identification_number": "0",
    "need_zip_code": "1",
    "zip_code_format": "",
    "display_tax_label": "1",
    "id_lang": "1",
    "name": "Eritrea"
  },
  {
    "id_country": "86",
    "id_zone": "1",
    "id_currency": "0",
    "iso_code": "EE",
    "call_prefix": "372",
    "active": "0",
    "contains_states": "0",
    "need_identification_number": "0",
    "need_zip_code": "1",
    "zip_code_format": "NNNNN",
    "display_tax_label": "1",
    "id_lang": "1",
    "name": "Estonia"
  },
  {
    "id_country": "87",
    "id_zone": "4",
    "id_currency": "0",
    "iso_code": "ET",
    "call_prefix": "251",
    "active": "0",
    "contains_states": "0",
    "need_identification_number": "0",
    "need_zip_code": "1",
    "zip_code_format": "",
    "display_tax_label": "1",
    "id_lang": "1",
    "name": "Ethiopia"
  },
  {
    "id_country": "88",
    "id_zone": "8",
    "id_currency": "0",
    "iso_code": "FK",
    "call_prefix": "0",
    "active": "0",
    "contains_states": "0",
    "need_identification_number": "0",
    "need_zip_code": "1",
    "zip_code_format": "LLLL NLL",
    "display_tax_label": "1",
    "id_lang": "1",
    "name": "Falkland Islands"
  },
  {
    "id_country": "89",
    "id_zone": "7",
    "id_currency": "0",
    "iso_code": "FO",
    "call_prefix": "298",
    "active": "0",
    "contains_states": "0",
    "need_identification_number": "0",
    "need_zip_code": "1",
    "zip_code_format": "",
    "display_tax_label": "1",
    "id_lang": "1",
    "name": "Faroe Islands"
  },
  {
    "id_country": "90",
    "id_zone": "5",
    "id_currency": "0",
    "iso_code": "FJ",
    "call_prefix": "679",
    "active": "0",
    "contains_states": "0",
    "need_identification_number": "0",
    "need_zip_code": "1",
    "zip_code_format": "",
    "display_tax_label": "1",
    "id_lang": "1",
    "name": "Fiji"
  },
  {
    "id_country": "91",
    "id_zone": "4",
    "id_currency": "0",
    "iso_code": "GA",
    "call_prefix": "241",
    "active": "0",
    "contains_states": "0",
    "need_identification_number": "0",
    "need_zip_code": "1",
    "zip_code_format": "",
    "display_tax_label": "1",
    "id_lang": "1",
    "name": "Gabon"
  },
  {
    "id_country": "92",
    "id_zone": "4",
    "id_currency": "0",
    "iso_code": "GM",
    "call_prefix": "220",
    "active": "0",
    "contains_states": "0",
    "need_identification_number": "0",
    "need_zip_code": "1",
    "zip_code_format": "",
    "display_tax_label": "1",
    "id_lang": "1",
    "name": "Gambia"
  },
  {
    "id_country": "93",
    "id_zone": "3",
    "id_currency": "0",
    "iso_code": "GE",
    "call_prefix": "995",
    "active": "0",
    "contains_states": "0",
    "need_identification_number": "0",
    "need_zip_code": "1",
    "zip_code_format": "NNNN",
    "display_tax_label": "1",
    "id_lang": "1",
    "name": "Georgia"
  },
  {
    "id_country": "94",
    "id_zone": "4",
    "id_currency": "0",
    "iso_code": "GH",
    "call_prefix": "233",
    "active": "0",
    "contains_states": "0",
    "need_identification_number": "0",
    "need_zip_code": "1",
    "zip_code_format": "",
    "display_tax_label": "1",
    "id_lang": "1",
    "name": "Ghana"
  },
  {
    "id_country": "95",
    "id_zone": "8",
    "id_currency": "0",
    "iso_code": "GD",
    "call_prefix": "0",
    "active": "0",
    "contains_states": "0",
    "need_identification_number": "0",
    "need_zip_code": "1",
    "zip_code_format": "",
    "display_tax_label": "1",
    "id_lang": "1",
    "name": "Grenada"
  },
  {
    "id_country": "96",
    "id_zone": "7",
    "id_currency": "0",
    "iso_code": "GL",
    "call_prefix": "299",
    "active": "0",
    "contains_states": "0",
    "need_identification_number": "0",
    "need_zip_code": "1",
    "zip_code_format": "",
    "display_tax_label": "1",
    "id_lang": "1",
    "name": "Greenland"
  },
  {
    "id_country": "97",
    "id_zone": "7",
    "id_currency": "0",
    "iso_code": "GI",
    "call_prefix": "350",
    "active": "0",
    "contains_states": "0",
    "need_identification_number": "0",
    "need_zip_code": "1",
    "zip_code_format": "",
    "display_tax_label": "1",
    "id_lang": "1",
    "name": "Gibraltar"
  },
  {
    "id_country": "98",
    "id_zone": "8",
    "id_currency": "0",
    "iso_code": "GP",
    "call_prefix": "590",
    "active": "0",
    "contains_states": "0",
    "need_identification_number": "0",
    "need_zip_code": "1",
    "zip_code_format": "",
    "display_tax_label": "1",
    "id_lang": "1",
    "name": "Guadeloupe"
  },
  {
    "id_country": "99",
    "id_zone": "5",
    "id_currency": "0",
    "iso_code": "GU",
    "call_prefix": "0",
    "active": "0",
    "contains_states": "0",
    "need_identification_number": "0",
    "need_zip_code": "1",
    "zip_code_format": "",
    "display_tax_label": "1",
    "id_lang": "1",
    "name": "Guam"
  },
  {
    "id_country": "100",
    "id_zone": "8",
    "id_currency": "0",
    "iso_code": "GT",
    "call_prefix": "502",
    "active": "0",
    "contains_states": "0",
    "need_identification_number": "0",
    "need_zip_code": "1",
    "zip_code_format": "",
    "display_tax_label": "1",
    "id_lang": "1",
    "name": "Guatemala"
  },
  {
    "id_country": "101",
    "id_zone": "7",
    "id_currency": "0",
    "iso_code": "GG",
    "call_prefix": "0",
    "active": "0",
    "contains_states": "0",
    "need_identification_number": "0",
    "need_zip_code": "1",
    "zip_code_format": "LLN NLL",
    "display_tax_label": "1",
    "id_lang": "1",
    "name": "Guernsey"
  },
  {
    "id_country": "102",
    "id_zone": "4",
    "id_currency": "0",
    "iso_code": "GN",
    "call_prefix": "224",
    "active": "0",
    "contains_states": "0",
    "need_identification_number": "0",
    "need_zip_code": "1",
    "zip_code_format": "",
    "display_tax_label": "1",
    "id_lang": "1",
    "name": "Guinea"
  },
  {
    "id_country": "103",
    "id_zone": "4",
    "id_currency": "0",
    "iso_code": "GW",
    "call_prefix": "245",
    "active": "0",
    "contains_states": "0",
    "need_identification_number": "0",
    "need_zip_code": "1",
    "zip_code_format": "",
    "display_tax_label": "1",
    "id_lang": "1",
    "name": "Guinea-Bissau"
  },
  {
    "id_country": "104",
    "id_zone": "6",
    "id_currency": "0",
    "iso_code": "GY",
    "call_prefix": "592",
    "active": "0",
    "contains_states": "0",
    "need_identification_number": "0",
    "need_zip_code": "1",
    "zip_code_format": "",
    "display_tax_label": "1",
    "id_lang": "1",
    "name": "Guyana"
  },
  {
    "id_country": "105",
    "id_zone": "8",
    "id_currency": "0",
    "iso_code": "HT",
    "call_prefix": "509",
    "active": "0",
    "contains_states": "0",
    "need_identification_number": "0",
    "need_zip_code": "1",
    "zip_code_format": "",
    "display_tax_label": "1",
    "id_lang": "1",
    "name": "Haiti"
  },
  {
    "id_country": "106",
    "id_zone": "5",
    "id_currency": "0",
    "iso_code": "HM",
    "call_prefix": "0",
    "active": "0",
    "contains_states": "0",
    "need_identification_number": "0",
    "need_zip_code": "1",
    "zip_code_format": "",
    "display_tax_label": "1",
    "id_lang": "1",
    "name": "Heard Island and McDonald Islands"
  },
  {
    "id_country": "107",
    "id_zone": "7",
    "id_currency": "0",
    "iso_code": "VA",
    "call_prefix": "379",
    "active": "0",
    "contains_states": "0",
    "need_identification_number": "0",
    "need_zip_code": "1",
    "zip_code_format": "NNNNN",
    "display_tax_label": "1",
    "id_lang": "1",
    "name": "Vatican City State"
  },
  {
    "id_country": "108",
    "id_zone": "8",
    "id_currency": "0",
    "iso_code": "HN",
    "call_prefix": "504",
    "active": "0",
    "contains_states": "0",
    "need_identification_number": "0",
    "need_zip_code": "1",
    "zip_code_format": "",
    "display_tax_label": "1",
    "id_lang": "1",
    "name": "Honduras"
  },
  {
    "id_country": "109",
    "id_zone": "7",
    "id_currency": "0",
    "iso_code": "IS",
    "call_prefix": "354",
    "active": "0",
    "contains_states": "0",
    "need_identification_number": "0",
    "need_zip_code": "1",
    "zip_code_format": "NNN",
    "display_tax_label": "1",
    "id_lang": "1",
    "name": "Iceland"
  },
  {
    "id_country": "110",
    "id_zone": "3",
    "id_currency": "0",
    "iso_code": "IN",
    "call_prefix": "91",
    "active": "0",
    "contains_states": "1",
    "need_identification_number": "0",
    "need_zip_code": "1",
    "zip_code_format": "NNN NNN",
    "display_tax_label": "1",
    "id_lang": "1",
    "name": "India"
  },
  {
    "id_country": "111",
    "id_zone": "3",
    "id_currency": "0",
    "iso_code": "ID",
    "call_prefix": "62",
    "active": "0",
    "contains_states": "1",
    "need_identification_number": "0",
    "need_zip_code": "1",
    "zip_code_format": "NNNNN",
    "display_tax_label": "1",
    "id_lang": "1",
    "name": "Indonesia"
  },
  {
    "id_country": "112",
    "id_zone": "3",
    "id_currency": "0",
    "iso_code": "IR",
    "call_prefix": "98",
    "active": "0",
    "contains_states": "0",
    "need_identification_number": "0",
    "need_zip_code": "1",
    "zip_code_format": "NNNNN-NNNNN",
    "display_tax_label": "1",
    "id_lang": "1",
    "name": "Iran"
  },
  {
    "id_country": "113",
    "id_zone": "3",
    "id_currency": "0",
    "iso_code": "IQ",
    "call_prefix": "964",
    "active": "0",
    "contains_states": "0",
    "need_identification_number": "0",
    "need_zip_code": "1",
    "zip_code_format": "NNNNN",
    "display_tax_label": "1",
    "id_lang": "1",
    "name": "Iraq"
  },
  {
    "id_country": "114",
    "id_zone": "7",
    "id_currency": "0",
    "iso_code": "IM",
    "call_prefix": "0",
    "active": "0",
    "contains_states": "0",
    "need_identification_number": "0",
    "need_zip_code": "1",
    "zip_code_format": "CN NLL",
    "display_tax_label": "1",
    "id_lang": "1",
    "name": "Man Island"
  },
  {
    "id_country": "115",
    "id_zone": "8",
    "id_currency": "0",
    "iso_code": "JM",
    "call_prefix": "0",
    "active": "0",
    "contains_states": "0",
    "need_identification_number": "0",
    "need_zip_code": "1",
    "zip_code_format": "",
    "display_tax_label": "1",
    "id_lang": "1",
    "name": "Jamaica"
  },
  {
    "id_country": "116",
    "id_zone": "7",
    "id_currency": "0",
    "iso_code": "JE",
    "call_prefix": "0",
    "active": "0",
    "contains_states": "0",
    "need_identification_number": "0",
    "need_zip_code": "1",
    "zip_code_format": "CN NLL",
    "display_tax_label": "1",
    "id_lang": "1",
    "name": "Jersey"
  },
  {
    "id_country": "117",
    "id_zone": "3",
    "id_currency": "0",
    "iso_code": "JO",
    "call_prefix": "962",
    "active": "0",
    "contains_states": "0",
    "need_identification_number": "0",
    "need_zip_code": "1",
    "zip_code_format": "",
    "display_tax_label": "1",
    "id_lang": "1",
    "name": "Jordan"
  },
  {
    "id_country": "118",
    "id_zone": "3",
    "id_currency": "0",
    "iso_code": "KZ",
    "call_prefix": "7",
    "active": "0",
    "contains_states": "0",
    "need_identification_number": "0",
    "need_zip_code": "1",
    "zip_code_format": "NNNNNN",
    "display_tax_label": "1",
    "id_lang": "1",
    "name": "Kazakhstan"
  },
  {
    "id_country": "119",
    "id_zone": "4",
    "id_currency": "0",
    "iso_code": "KE",
    "call_prefix": "254",
    "active": "0",
    "contains_states": "0",
    "need_identification_number": "0",
    "need_zip_code": "1",
    "zip_code_format": "",
    "display_tax_label": "1",
    "id_lang": "1",
    "name": "Kenya"
  },
  {
    "id_country": "120",
    "id_zone": "5",
    "id_currency": "0",
    "iso_code": "KI",
    "call_prefix": "686",
    "active": "0",
    "contains_states": "0",
    "need_identification_number": "0",
    "need_zip_code": "1",
    "zip_code_format": "",
    "display_tax_label": "1",
    "id_lang": "1",
    "name": "Kiribati"
  },
  {
    "id_country": "121",
    "id_zone": "3",
    "id_currency": "0",
    "iso_code": "KP",
    "call_prefix": "850",
    "active": "0",
    "contains_states": "0",
    "need_identification_number": "0",
    "need_zip_code": "1",
    "zip_code_format": "",
    "display_tax_label": "1",
    "id_lang": "1",
    "name": "Korea, Dem. Republic of"
  },
  {
    "id_country": "122",
    "id_zone": "3",
    "id_currency": "0",
    "iso_code": "KW",
    "call_prefix": "965",
    "active": "0",
    "contains_states": "0",
    "need_identification_number": "0",
    "need_zip_code": "1",
    "zip_code_format": "",
    "display_tax_label": "1",
    "id_lang": "1",
    "name": "Kuwait"
  },
  {
    "id_country": "123",
    "id_zone": "3",
    "id_currency": "0",
    "iso_code": "KG",
    "call_prefix": "996",
    "active": "0",
    "contains_states": "0",
    "need_identification_number": "0",
    "need_zip_code": "1",
    "zip_code_format": "",
    "display_tax_label": "1",
    "id_lang": "1",
    "name": "Kyrgyzstan"
  },
  {
    "id_country": "124",
    "id_zone": "3",
    "id_currency": "0",
    "iso_code": "LA",
    "call_prefix": "856",
    "active": "0",
    "contains_states": "0",
    "need_identification_number": "0",
    "need_zip_code": "1",
    "zip_code_format": "",
    "display_tax_label": "1",
    "id_lang": "1",
    "name": "Laos"
  },
  {
    "id_country": "125",
    "id_zone": "1",
    "id_currency": "0",
    "iso_code": "LV",
    "call_prefix": "371",
    "active": "0",
    "contains_states": "0",
    "need_identification_number": "0",
    "need_zip_code": "1",
    "zip_code_format": "C-NNNN",
    "display_tax_label": "1",
    "id_lang": "1",
    "name": "Latvia"
  },
  {
    "id_country": "126",
    "id_zone": "3",
    "id_currency": "0",
    "iso_code": "LB",
    "call_prefix": "961",
    "active": "0",
    "contains_states": "0",
    "need_identification_number": "0",
    "need_zip_code": "1",
    "zip_code_format": "",
    "display_tax_label": "1",
    "id_lang": "1",
    "name": "Lebanon"
  },
  {
    "id_country": "127",
    "id_zone": "4",
    "id_currency": "0",
    "iso_code": "LS",
    "call_prefix": "266",
    "active": "0",
    "contains_states": "0",
    "need_identification_number": "0",
    "need_zip_code": "1",
    "zip_code_format": "",
    "display_tax_label": "1",
    "id_lang": "1",
    "name": "Lesotho"
  },
  {
    "id_country": "128",
    "id_zone": "4",
    "id_currency": "0",
    "iso_code": "LR",
    "call_prefix": "231",
    "active": "0",
    "contains_states": "0",
    "need_identification_number": "0",
    "need_zip_code": "1",
    "zip_code_format": "",
    "display_tax_label": "1",
    "id_lang": "1",
    "name": "Liberia"
  },
  {
    "id_country": "129",
    "id_zone": "4",
    "id_currency": "0",
    "iso_code": "LY",
    "call_prefix": "218",
    "active": "0",
    "contains_states": "0",
    "need_identification_number": "0",
    "need_zip_code": "1",
    "zip_code_format": "",
    "display_tax_label": "1",
    "id_lang": "1",
    "name": "Libya"
  },
  {
    "id_country": "130",
    "id_zone": "7",
    "id_currency": "0",
    "iso_code": "LI",
    "call_prefix": "423",
    "active": "0",
    "contains_states": "0",
    "need_identification_number": "0",
    "need_zip_code": "1",
    "zip_code_format": "NNNN",
    "display_tax_label": "1",
    "id_lang": "1",
    "name": "Liechtenstein"
  },
  {
    "id_country": "131",
    "id_zone": "1",
    "id_currency": "0",
    "iso_code": "LT",
    "call_prefix": "370",
    "active": "0",
    "contains_states": "0",
    "need_identification_number": "0",
    "need_zip_code": "1",
    "zip_code_format": "NNNNN",
    "display_tax_label": "1",
    "id_lang": "1",
    "name": "Lithuania"
  },
  {
    "id_country": "132",
    "id_zone": "3",
    "id_currency": "0",
    "iso_code": "MO",
    "call_prefix": "853",
    "active": "0",
    "contains_states": "0",
    "need_identification_number": "0",
    "need_zip_code": "0",
    "zip_code_format": "",
    "display_tax_label": "1",
    "id_lang": "1",
    "name": "Macau"
  },
  {
    "id_country": "133",
    "id_zone": "7",
    "id_currency": "0",
    "iso_code": "MK",
    "call_prefix": "389",
    "active": "0",
    "contains_states": "0",
    "need_identification_number": "0",
    "need_zip_code": "1",
    "zip_code_format": "",
    "display_tax_label": "1",
    "id_lang": "1",
    "name": "Macedonia"
  },
  {
    "id_country": "134",
    "id_zone": "4",
    "id_currency": "0",
    "iso_code": "MG",
    "call_prefix": "261",
    "active": "0",
    "contains_states": "0",
    "need_identification_number": "0",
    "need_zip_code": "1",
    "zip_code_format": "",
    "display_tax_label": "1",
    "id_lang": "1",
    "name": "Madagascar"
  },
  {
    "id_country": "135",
    "id_zone": "4",
    "id_currency": "0",
    "iso_code": "MW",
    "call_prefix": "265",
    "active": "0",
    "contains_states": "0",
    "need_identification_number": "0",
    "need_zip_code": "1",
    "zip_code_format": "",
    "display_tax_label": "1",
    "id_lang": "1",
    "name": "Malawi"
  },
  {
    "id_country": "136",
    "id_zone": "3",
    "id_currency": "0",
    "iso_code": "MY",
    "call_prefix": "60",
    "active": "0",
    "contains_states": "0",
    "need_identification_number": "0",
    "need_zip_code": "1",
    "zip_code_format": "NNNNN",
    "display_tax_label": "1",
    "id_lang": "1",
    "name": "Malaysia"
  },
  {
    "id_country": "137",
    "id_zone": "3",
    "id_currency": "0",
    "iso_code": "MV",
    "call_prefix": "960",
    "active": "0",
    "contains_states": "0",
    "need_identification_number": "0",
    "need_zip_code": "1",
    "zip_code_format": "",
    "display_tax_label": "1",
    "id_lang": "1",
    "name": "Maldives"
  },
  {
    "id_country": "138",
    "id_zone": "4",
    "id_currency": "0",
    "iso_code": "ML",
    "call_prefix": "223",
    "active": "0",
    "contains_states": "0",
    "need_identification_number": "0",
    "need_zip_code": "1",
    "zip_code_format": "",
    "display_tax_label": "1",
    "id_lang": "1",
    "name": "Mali"
  },
  {
    "id_country": "139",
    "id_zone": "1",
    "id_currency": "0",
    "iso_code": "MT",
    "call_prefix": "356",
    "active": "0",
    "contains_states": "0",
    "need_identification_number": "0",
    "need_zip_code": "1",
    "zip_code_format": "LLL NNNN",
    "display_tax_label": "1",
    "id_lang": "1",
    "name": "Malta"
  },
  {
    "id_country": "140",
    "id_zone": "5",
    "id_currency": "0",
    "iso_code": "MH",
    "call_prefix": "692",
    "active": "0",
    "contains_states": "0",
    "need_identification_number": "0",
    "need_zip_code": "1",
    "zip_code_format": "",
    "display_tax_label": "1",
    "id_lang": "1",
    "name": "Marshall Islands"
  },
  {
    "id_country": "141",
    "id_zone": "8",
    "id_currency": "0",
    "iso_code": "MQ",
    "call_prefix": "596",
    "active": "0",
    "contains_states": "0",
    "need_identification_number": "0",
    "need_zip_code": "1",
    "zip_code_format": "",
    "display_tax_label": "1",
    "id_lang": "1",
    "name": "Martinique"
  },
  {
    "id_country": "142",
    "id_zone": "4",
    "id_currency": "0",
    "iso_code": "MR",
    "call_prefix": "222",
    "active": "0",
    "contains_states": "0",
    "need_identification_number": "0",
    "need_zip_code": "1",
    "zip_code_format": "",
    "display_tax_label": "1",
    "id_lang": "1",
    "name": "Mauritania"
  },
  {
    "id_country": "143",
    "id_zone": "1",
    "id_currency": "0",
    "iso_code": "HU",
    "call_prefix": "36",
    "active": "0",
    "contains_states": "0",
    "need_identification_number": "0",
    "need_zip_code": "1",
    "zip_code_format": "NNNN",
    "display_tax_label": "1",
    "id_lang": "1",
    "name": "Hungary"
  },
  {
    "id_country": "144",
    "id_zone": "4",
    "id_currency": "0",
    "iso_code": "YT",
    "call_prefix": "262",
    "active": "0",
    "contains_states": "0",
    "need_identification_number": "0",
    "need_zip_code": "1",
    "zip_code_format": "",
    "display_tax_label": "1",
    "id_lang": "1",
    "name": "Mayotte"
  },
  {
    "id_country": "145",
    "id_zone": "2",
    "id_currency": "0",
    "iso_code": "MX",
    "call_prefix": "52",
    "active": "0",
    "contains_states": "1",
    "need_identification_number": "1",
    "need_zip_code": "1",
    "zip_code_format": "NNNNN",
    "display_tax_label": "1",
    "id_lang": "1",
    "name": "Mexico"
  },
  {
    "id_country": "146",
    "id_zone": "5",
    "id_currency": "0",
    "iso_code": "FM",
    "call_prefix": "691",
    "active": "0",
    "contains_states": "0",
    "need_identification_number": "0",
    "need_zip_code": "1",
    "zip_code_format": "",
    "display_tax_label": "1",
    "id_lang": "1",
    "name": "Micronesia"
  },
  {
    "id_country": "147",
    "id_zone": "7",
    "id_currency": "0",
    "iso_code": "MD",
    "call_prefix": "373",
    "active": "0",
    "contains_states": "0",
    "need_identification_number": "0",
    "need_zip_code": "1",
    "zip_code_format": "C-NNNN",
    "display_tax_label": "1",
    "id_lang": "1",
    "name": "Moldova"
  },
  {
    "id_country": "148",
    "id_zone": "7",
    "id_currency": "0",
    "iso_code": "MC",
    "call_prefix": "377",
    "active": "0",
    "contains_states": "0",
    "need_identification_number": "0",
    "need_zip_code": "1",
    "zip_code_format": "980NN",
    "display_tax_label": "1",
    "id_lang": "1",
    "name": "Monaco"
  },
  {
    "id_country": "149",
    "id_zone": "3",
    "id_currency": "0",
    "iso_code": "MN",
    "call_prefix": "976",
    "active": "0",
    "contains_states": "0",
    "need_identification_number": "0",
    "need_zip_code": "1",
    "zip_code_format": "",
    "display_tax_label": "1",
    "id_lang": "1",
    "name": "Mongolia"
  },
  {
    "id_country": "150",
    "id_zone": "7",
    "id_currency": "0",
    "iso_code": "ME",
    "call_prefix": "382",
    "active": "0",
    "contains_states": "0",
    "need_identification_number": "0",
    "need_zip_code": "1",
    "zip_code_format": "NNNNN",
    "display_tax_label": "1",
    "id_lang": "1",
    "name": "Montenegro"
  },
  {
    "id_country": "151",
    "id_zone": "8",
    "id_currency": "0",
    "iso_code": "MS",
    "call_prefix": "0",
    "active": "0",
    "contains_states": "0",
    "need_identification_number": "0",
    "need_zip_code": "1",
    "zip_code_format": "",
    "display_tax_label": "1",
    "id_lang": "1",
    "name": "Montserrat"
  },
  {
    "id_country": "152",
    "id_zone": "4",
    "id_currency": "0",
    "iso_code": "MA",
    "call_prefix": "212",
    "active": "0",
    "contains_states": "0",
    "need_identification_number": "0",
    "need_zip_code": "1",
    "zip_code_format": "NNNNN",
    "display_tax_label": "1",
    "id_lang": "1",
    "name": "Morocco"
  },
  {
    "id_country": "153",
    "id_zone": "4",
    "id_currency": "0",
    "iso_code": "MZ",
    "call_prefix": "258",
    "active": "0",
    "contains_states": "0",
    "need_identification_number": "0",
    "need_zip_code": "1",
    "zip_code_format": "",
    "display_tax_label": "1",
    "id_lang": "1",
    "name": "Mozambique"
  },
  {
    "id_country": "154",
    "id_zone": "4",
    "id_currency": "0",
    "iso_code": "NA",
    "call_prefix": "264",
    "active": "0",
    "contains_states": "0",
    "need_identification_number": "0",
    "need_zip_code": "1",
    "zip_code_format": "",
    "display_tax_label": "1",
    "id_lang": "1",
    "name": "Namibia"
  },
  {
    "id_country": "155",
    "id_zone": "5",
    "id_currency": "0",
    "iso_code": "NR",
    "call_prefix": "674",
    "active": "0",
    "contains_states": "0",
    "need_identification_number": "0",
    "need_zip_code": "1",
    "zip_code_format": "",
    "display_tax_label": "1",
    "id_lang": "1",
    "name": "Nauru"
  },
  {
    "id_country": "156",
    "id_zone": "3",
    "id_currency": "0",
    "iso_code": "NP",
    "call_prefix": "977",
    "active": "0",
    "contains_states": "0",
    "need_identification_number": "0",
    "need_zip_code": "1",
    "zip_code_format": "",
    "display_tax_label": "1",
    "id_lang": "1",
    "name": "Nepal"
  },
  {
    "id_country": "157",
    "id_zone": "8",
    "id_currency": "0",
    "iso_code": "AN",
    "call_prefix": "599",
    "active": "0",
    "contains_states": "0",
    "need_identification_number": "0",
    "need_zip_code": "1",
    "zip_code_format": "",
    "display_tax_label": "1",
    "id_lang": "1",
    "name": "Netherlands Antilles"
  },
  {
    "id_country": "158",
    "id_zone": "5",
    "id_currency": "0",
    "iso_code": "NC",
    "call_prefix": "687",
    "active": "0",
    "contains_states": "0",
    "need_identification_number": "0",
    "need_zip_code": "1",
    "zip_code_format": "",
    "display_tax_label": "1",
    "id_lang": "1",
    "name": "New Caledonia"
  },
  {
    "id_country": "159",
    "id_zone": "8",
    "id_currency": "0",
    "iso_code": "NI",
    "call_prefix": "505",
    "active": "0",
    "contains_states": "0",
    "need_identification_number": "0",
    "need_zip_code": "1",
    "zip_code_format": "NNNNNN",
    "display_tax_label": "1",
    "id_lang": "1",
    "name": "Nicaragua"
  },
  {
    "id_country": "160",
    "id_zone": "4",
    "id_currency": "0",
    "iso_code": "NE",
    "call_prefix": "227",
    "active": "0",
    "contains_states": "0",
    "need_identification_number": "0",
    "need_zip_code": "1",
    "zip_code_format": "",
    "display_tax_label": "1",
    "id_lang": "1",
    "name": "Niger"
  },
  {
    "id_country": "161",
    "id_zone": "5",
    "id_currency": "0",
    "iso_code": "NU",
    "call_prefix": "683",
    "active": "0",
    "contains_states": "0",
    "need_identification_number": "0",
    "need_zip_code": "1",
    "zip_code_format": "",
    "display_tax_label": "1",
    "id_lang": "1",
    "name": "Niue"
  },
  {
    "id_country": "162",
    "id_zone": "5",
    "id_currency": "0",
    "iso_code": "NF",
    "call_prefix": "0",
    "active": "0",
    "contains_states": "0",
    "need_identification_number": "0",
    "need_zip_code": "1",
    "zip_code_format": "",
    "display_tax_label": "1",
    "id_lang": "1",
    "name": "Norfolk Island"
  },
  {
    "id_country": "163",
    "id_zone": "5",
    "id_currency": "0",
    "iso_code": "MP",
    "call_prefix": "0",
    "active": "0",
    "contains_states": "0",
    "need_identification_number": "0",
    "need_zip_code": "1",
    "zip_code_format": "",
    "display_tax_label": "1",
    "id_lang": "1",
    "name": "Northern Mariana Islands"
  },
  {
    "id_country": "164",
    "id_zone": "3",
    "id_currency": "0",
    "iso_code": "OM",
    "call_prefix": "968",
    "active": "0",
    "contains_states": "0",
    "need_identification_number": "0",
    "need_zip_code": "1",
    "zip_code_format": "",
    "display_tax_label": "1",
    "id_lang": "1",
    "name": "Oman"
  },
  {
    "id_country": "165",
    "id_zone": "3",
    "id_currency": "0",
    "iso_code": "PK",
    "call_prefix": "92",
    "active": "0",
    "contains_states": "0",
    "need_identification_number": "0",
    "need_zip_code": "1",
    "zip_code_format": "",
    "display_tax_label": "1",
    "id_lang": "1",
    "name": "Pakistan"
  },
  {
    "id_country": "166",
    "id_zone": "5",
    "id_currency": "0",
    "iso_code": "PW",
    "call_prefix": "680",
    "active": "0",
    "contains_states": "0",
    "need_identification_number": "0",
    "need_zip_code": "1",
    "zip_code_format": "",
    "display_tax_label": "1",
    "id_lang": "1",
    "name": "Palau"
  },
  {
    "id_country": "167",
    "id_zone": "3",
    "id_currency": "0",
    "iso_code": "PS",
    "call_prefix": "0",
    "active": "0",
    "contains_states": "0",
    "need_identification_number": "0",
    "need_zip_code": "1",
    "zip_code_format": "",
    "display_tax_label": "1",
    "id_lang": "1",
    "name": "Palestinian Territories"
  },
  {
    "id_country": "168",
    "id_zone": "8",
    "id_currency": "0",
    "iso_code": "PA",
    "call_prefix": "507",
    "active": "0",
    "contains_states": "0",
    "need_identification_number": "0",
    "need_zip_code": "1",
    "zip_code_format": "NNNNNN",
    "display_tax_label": "1",
    "id_lang": "1",
    "name": "Panama"
  },
  {
    "id_country": "169",
    "id_zone": "5",
    "id_currency": "0",
    "iso_code": "PG",
    "call_prefix": "675",
    "active": "0",
    "contains_states": "0",
    "need_identification_number": "0",
    "need_zip_code": "1",
    "zip_code_format": "",
    "display_tax_label": "1",
    "id_lang": "1",
    "name": "Papua New Guinea"
  },
  {
    "id_country": "170",
    "id_zone": "6",
    "id_currency": "0",
    "iso_code": "PY",
    "call_prefix": "595",
    "active": "0",
    "contains_states": "0",
    "need_identification_number": "0",
    "need_zip_code": "1",
    "zip_code_format": "",
    "display_tax_label": "1",
    "id_lang": "1",
    "name": "Paraguay"
  },
  {
    "id_country": "171",
    "id_zone": "6",
    "id_currency": "0",
    "iso_code": "PE",
    "call_prefix": "51",
    "active": "0",
    "contains_states": "0",
    "need_identification_number": "0",
    "need_zip_code": "1",
    "zip_code_format": "",
    "display_tax_label": "1",
    "id_lang": "1",
    "name": "Peru"
  },
  {
    "id_country": "172",
    "id_zone": "3",
    "id_currency": "0",
    "iso_code": "PH",
    "call_prefix": "63",
    "active": "0",
    "contains_states": "0",
    "need_identification_number": "0",
    "need_zip_code": "1",
    "zip_code_format": "NNNN",
    "display_tax_label": "1",
    "id_lang": "1",
    "name": "Philippines"
  },
  {
    "id_country": "173",
    "id_zone": "5",
    "id_currency": "0",
    "iso_code": "PN",
    "call_prefix": "0",
    "active": "0",
    "contains_states": "0",
    "need_identification_number": "0",
    "need_zip_code": "1",
    "zip_code_format": "LLLL NLL",
    "display_tax_label": "1",
    "id_lang": "1",
    "name": "Pitcairn"
  },
  {
    "id_country": "174",
    "id_zone": "8",
    "id_currency": "0",
    "iso_code": "PR",
    "call_prefix": "0",
    "active": "0",
    "contains_states": "0",
    "need_identification_number": "0",
    "need_zip_code": "1",
    "zip_code_format": "NNNNN",
    "display_tax_label": "1",
    "id_lang": "1",
    "name": "Puerto Rico"
  },
  {
    "id_country": "175",
    "id_zone": "3",
    "id_currency": "0",
    "iso_code": "QA",
    "call_prefix": "974",
    "active": "0",
    "contains_states": "0",
    "need_identification_number": "0",
    "need_zip_code": "1",
    "zip_code_format": "",
    "display_tax_label": "1",
    "id_lang": "1",
    "name": "Qatar"
  },
  {
    "id_country": "176",
    "id_zone": "4",
    "id_currency": "0",
    "iso_code": "RE",
    "call_prefix": "262",
    "active": "0",
    "contains_states": "0",
    "need_identification_number": "0",
    "need_zip_code": "1",
    "zip_code_format": "",
    "display_tax_label": "1",
    "id_lang": "1",
    "name": "Reunion Island"
  },
  {
    "id_country": "177",
    "id_zone": "7",
    "id_currency": "0",
    "iso_code": "RU",
    "call_prefix": "7",
    "active": "0",
    "contains_states": "0",
    "need_identification_number": "0",
    "need_zip_code": "1",
    "zip_code_format": "NNNNNN",
    "display_tax_label": "1",
    "id_lang": "1",
    "name": "Russian Federation"
  },
  {
    "id_country": "178",
    "id_zone": "4",
    "id_currency": "0",
    "iso_code": "RW",
    "call_prefix": "250",
    "active": "0",
    "contains_states": "0",
    "need_identification_number": "0",
    "need_zip_code": "1",
    "zip_code_format": "",
    "display_tax_label": "1",
    "id_lang": "1",
    "name": "Rwanda"
  },
  {
    "id_country": "179",
    "id_zone": "8",
    "id_currency": "0",
    "iso_code": "BL",
    "call_prefix": "0",
    "active": "0",
    "contains_states": "0",
    "need_identification_number": "0",
    "need_zip_code": "1",
    "zip_code_format": "",
    "display_tax_label": "1",
    "id_lang": "1",
    "name": "Saint Barthelemy"
  },
  {
    "id_country": "180",
    "id_zone": "8",
    "id_currency": "0",
    "iso_code": "KN",
    "call_prefix": "0",
    "active": "0",
    "contains_states": "0",
    "need_identification_number": "0",
    "need_zip_code": "1",
    "zip_code_format": "",
    "display_tax_label": "1",
    "id_lang": "1",
    "name": "Saint Kitts and Nevis"
  },
  {
    "id_country": "181",
    "id_zone": "8",
    "id_currency": "0",
    "iso_code": "LC",
    "call_prefix": "0",
    "active": "0",
    "contains_states": "0",
    "need_identification_number": "0",
    "need_zip_code": "1",
    "zip_code_format": "",
    "display_tax_label": "1",
    "id_lang": "1",
    "name": "Saint Lucia"
  },
  {
    "id_country": "182",
    "id_zone": "8",
    "id_currency": "0",
    "iso_code": "MF",
    "call_prefix": "0",
    "active": "0",
    "contains_states": "0",
    "need_identification_number": "0",
    "need_zip_code": "1",
    "zip_code_format": "",
    "display_tax_label": "1",
    "id_lang": "1",
    "name": "Saint Martin"
  },
  {
    "id_country": "183",
    "id_zone": "8",
    "id_currency": "0",
    "iso_code": "PM",
    "call_prefix": "508",
    "active": "0",
    "contains_states": "0",
    "need_identification_number": "0",
    "need_zip_code": "1",
    "zip_code_format": "",
    "display_tax_label": "1",
    "id_lang": "1",
    "name": "Saint Pierre and Miquelon"
  },
  {
    "id_country": "184",
    "id_zone": "8",
    "id_currency": "0",
    "iso_code": "VC",
    "call_prefix": "0",
    "active": "0",
    "contains_states": "0",
    "need_identification_number": "0",
    "need_zip_code": "1",
    "zip_code_format": "",
    "display_tax_label": "1",
    "id_lang": "1",
    "name": "Saint Vincent and the Grenadines"
  },
  {
    "id_country": "185",
    "id_zone": "5",
    "id_currency": "0",
    "iso_code": "WS",
    "call_prefix": "685",
    "active": "0",
    "contains_states": "0",
    "need_identification_number": "0",
    "need_zip_code": "1",
    "zip_code_format": "",
    "display_tax_label": "1",
    "id_lang": "1",
    "name": "Samoa"
  },
  {
    "id_country": "186",
    "id_zone": "7",
    "id_currency": "0",
    "iso_code": "SM",
    "call_prefix": "378",
    "active": "0",
    "contains_states": "0",
    "need_identification_number": "0",
    "need_zip_code": "1",
    "zip_code_format": "NNNNN",
    "display_tax_label": "1",
    "id_lang": "1",
    "name": "San Marino"
  },
  {
    "id_country": "187",
    "id_zone": "4",
    "id_currency": "0",
    "iso_code": "ST",
    "call_prefix": "239",
    "active": "0",
    "contains_states": "0",
    "need_identification_number": "0",
    "need_zip_code": "1",
    "zip_code_format": "",
    "display_tax_label": "1",
    "id_lang": "1",
    "name": "So Tom and Prncipe"
  },
  {
    "id_country": "188",
    "id_zone": "3",
    "id_currency": "0",
    "iso_code": "SA",
    "call_prefix": "966",
    "active": "0",
    "contains_states": "0",
    "need_identification_number": "0",
    "need_zip_code": "1",
    "zip_code_format": "",
    "display_tax_label": "1",
    "id_lang": "1",
    "name": "Saudi Arabia"
  },
  {
    "id_country": "189",
    "id_zone": "4",
    "id_currency": "0",
    "iso_code": "SN",
    "call_prefix": "221",
    "active": "0",
    "contains_states": "0",
    "need_identification_number": "0",
    "need_zip_code": "1",
    "zip_code_format": "",
    "display_tax_label": "1",
    "id_lang": "1",
    "name": "Senegal"
  },
  {
    "id_country": "190",
    "id_zone": "7",
    "id_currency": "0",
    "iso_code": "RS",
    "call_prefix": "381",
    "active": "0",
    "contains_states": "0",
    "need_identification_number": "0",
    "need_zip_code": "1",
    "zip_code_format": "NNNNN",
    "display_tax_label": "1",
    "id_lang": "1",
    "name": "Serbia"
  },
  {
    "id_country": "191",
    "id_zone": "4",
    "id_currency": "0",
    "iso_code": "SC",
    "call_prefix": "248",
    "active": "0",
    "contains_states": "0",
    "need_identification_number": "0",
    "need_zip_code": "1",
    "zip_code_format": "",
    "display_tax_label": "1",
    "id_lang": "1",
    "name": "Seychelles"
  },
  {
    "id_country": "192",
    "id_zone": "4",
    "id_currency": "0",
    "iso_code": "SL",
    "call_prefix": "232",
    "active": "0",
    "contains_states": "0",
    "need_identification_number": "0",
    "need_zip_code": "1",
    "zip_code_format": "",
    "display_tax_label": "1",
    "id_lang": "1",
    "name": "Sierra Leone"
  },
  {
    "id_country": "193",
    "id_zone": "1",
    "id_currency": "0",
    "iso_code": "SI",
    "call_prefix": "386",
    "active": "0",
    "contains_states": "0",
    "need_identification_number": "0",
    "need_zip_code": "1",
    "zip_code_format": "C-NNNN",
    "display_tax_label": "1",
    "id_lang": "1",
    "name": "Slovenia"
  },
  {
    "id_country": "194",
    "id_zone": "5",
    "id_currency": "0",
    "iso_code": "SB",
    "call_prefix": "677",
    "active": "0",
    "contains_states": "0",
    "need_identification_number": "0",
    "need_zip_code": "1",
    "zip_code_format": "",
    "display_tax_label": "1",
    "id_lang": "1",
    "name": "Solomon Islands"
  },
  {
    "id_country": "195",
    "id_zone": "4",
    "id_currency": "0",
    "iso_code": "SO",
    "call_prefix": "252",
    "active": "0",
    "contains_states": "0",
    "need_identification_number": "0",
    "need_zip_code": "1",
    "zip_code_format": "",
    "display_tax_label": "1",
    "id_lang": "1",
    "name": "Somalia"
  },
  {
    "id_country": "196",
    "id_zone": "8",
    "id_currency": "0",
    "iso_code": "GS",
    "call_prefix": "0",
    "active": "0",
    "contains_states": "0",
    "need_identification_number": "0",
    "need_zip_code": "1",
    "zip_code_format": "LLLL NLL",
    "display_tax_label": "1",
    "id_lang": "1",
    "name": "South Georgia and the South Sandwich Islands"
  },
  {
    "id_country": "197",
    "id_zone": "3",
    "id_currency": "0",
    "iso_code": "LK",
    "call_prefix": "94",
    "active": "0",
    "contains_states": "0",
    "need_identification_number": "0",
    "need_zip_code": "1",
    "zip_code_format": "NNNNN",
    "display_tax_label": "1",
    "id_lang": "1",
    "name": "Sri Lanka"
  },
  {
    "id_country": "198",
    "id_zone": "4",
    "id_currency": "0",
    "iso_code": "SD",
    "call_prefix": "249",
    "active": "0",
    "contains_states": "0",
    "need_identification_number": "0",
    "need_zip_code": "1",
    "zip_code_format": "",
    "display_tax_label": "1",
    "id_lang": "1",
    "name": "Sudan"
  },
  {
    "id_country": "199",
    "id_zone": "8",
    "id_currency": "0",
    "iso_code": "SR",
    "call_prefix": "597",
    "active": "0",
    "contains_states": "0",
    "need_identification_number": "0",
    "need_zip_code": "1",
    "zip_code_format": "",
    "display_tax_label": "1",
    "id_lang": "1",
    "name": "Suriname"
  },
  {
    "id_country": "200",
    "id_zone": "7",
    "id_currency": "0",
    "iso_code": "SJ",
    "call_prefix": "0",
    "active": "0",
    "contains_states": "0",
    "need_identification_number": "0",
    "need_zip_code": "1",
    "zip_code_format": "",
    "display_tax_label": "1",
    "id_lang": "1",
    "name": "Svalbard and Jan Mayen"
  },
  {
    "id_country": "201",
    "id_zone": "4",
    "id_currency": "0",
    "iso_code": "SZ",
    "call_prefix": "268",
    "active": "0",
    "contains_states": "0",
    "need_identification_number": "0",
    "need_zip_code": "1",
    "zip_code_format": "",
    "display_tax_label": "1",
    "id_lang": "1",
    "name": "Swaziland"
  },
  {
    "id_country": "202",
    "id_zone": "3",
    "id_currency": "0",
    "iso_code": "SY",
    "call_prefix": "963",
    "active": "0",
    "contains_states": "0",
    "need_identification_number": "0",
    "need_zip_code": "1",
    "zip_code_format": "",
    "display_tax_label": "1",
    "id_lang": "1",
    "name": "Syria"
  },
  {
    "id_country": "203",
    "id_zone": "3",
    "id_currency": "0",
    "iso_code": "TW",
    "call_prefix": "886",
    "active": "0",
    "contains_states": "0",
    "need_identification_number": "0",
    "need_zip_code": "1",
    "zip_code_format": "NNNNN",
    "display_tax_label": "1",
    "id_lang": "1",
    "name": "Taiwan"
  },
  {
    "id_country": "204",
    "id_zone": "3",
    "id_currency": "0",
    "iso_code": "TJ",
    "call_prefix": "992",
    "active": "0",
    "contains_states": "0",
    "need_identification_number": "0",
    "need_zip_code": "1",
    "zip_code_format": "",
    "display_tax_label": "1",
    "id_lang": "1",
    "name": "Tajikistan"
  },
  {
    "id_country": "205",
    "id_zone": "4",
    "id_currency": "0",
    "iso_code": "TZ",
    "call_prefix": "255",
    "active": "0",
    "contains_states": "0",
    "need_identification_number": "0",
    "need_zip_code": "1",
    "zip_code_format": "",
    "display_tax_label": "1",
    "id_lang": "1",
    "name": "Tanzania"
  },
  {
    "id_country": "206",
    "id_zone": "3",
    "id_currency": "0",
    "iso_code": "TH",
    "call_prefix": "66",
    "active": "0",
    "contains_states": "0",
    "need_identification_number": "0",
    "need_zip_code": "1",
    "zip_code_format": "NNNNN",
    "display_tax_label": "1",
    "id_lang": "1",
    "name": "Thailand"
  },
  {
    "id_country": "207",
    "id_zone": "5",
    "id_currency": "0",
    "iso_code": "TK",
    "call_prefix": "690",
    "active": "0",
    "contains_states": "0",
    "need_identification_number": "0",
    "need_zip_code": "1",
    "zip_code_format": "",
    "display_tax_label": "1",
    "id_lang": "1",
    "name": "Tokelau"
  },
  {
    "id_country": "208",
    "id_zone": "5",
    "id_currency": "0",
    "iso_code": "TO",
    "call_prefix": "676",
    "active": "0",
    "contains_states": "0",
    "need_identification_number": "0",
    "need_zip_code": "1",
    "zip_code_format": "",
    "display_tax_label": "1",
    "id_lang": "1",
    "name": "Tonga"
  },
  {
    "id_country": "209",
    "id_zone": "6",
    "id_currency": "0",
    "iso_code": "TT",
    "call_prefix": "0",
    "active": "0",
    "contains_states": "0",
    "need_identification_number": "0",
    "need_zip_code": "1",
    "zip_code_format": "",
    "display_tax_label": "1",
    "id_lang": "1",
    "name": "Trinidad and Tobago"
  },
  {
    "id_country": "210",
    "id_zone": "4",
    "id_currency": "0",
    "iso_code": "TN",
    "call_prefix": "216",
    "active": "0",
    "contains_states": "0",
    "need_identification_number": "0",
    "need_zip_code": "1",
    "zip_code_format": "",
    "display_tax_label": "1",
    "id_lang": "1",
    "name": "Tunisia"
  },
  {
    "id_country": "211",
    "id_zone": "7",
    "id_currency": "0",
    "iso_code": "TR",
    "call_prefix": "90",
    "active": "0",
    "contains_states": "0",
    "need_identification_number": "0",
    "need_zip_code": "1",
    "zip_code_format": "NNNNN",
    "display_tax_label": "1",
    "id_lang": "1",
    "name": "Turkey"
  },
  {
    "id_country": "212",
    "id_zone": "3",
    "id_currency": "0",
    "iso_code": "TM",
    "call_prefix": "993",
    "active": "0",
    "contains_states": "0",
    "need_identification_number": "0",
    "need_zip_code": "1",
    "zip_code_format": "",
    "display_tax_label": "1",
    "id_lang": "1",
    "name": "Turkmenistan"
  },
  {
    "id_country": "213",
    "id_zone": "8",
    "id_currency": "0",
    "iso_code": "TC",
    "call_prefix": "0",
    "active": "0",
    "contains_states": "0",
    "need_identification_number": "0",
    "need_zip_code": "1",
    "zip_code_format": "LLLL NLL",
    "display_tax_label": "1",
    "id_lang": "1",
    "name": "Turks and Caicos Islands"
  },
  {
    "id_country": "214",
    "id_zone": "5",
    "id_currency": "0",
    "iso_code": "TV",
    "call_prefix": "688",
    "active": "0",
    "contains_states": "0",
    "need_identification_number": "0",
    "need_zip_code": "1",
    "zip_code_format": "",
    "display_tax_label": "1",
    "id_lang": "1",
    "name": "Tuvalu"
  },
  {
    "id_country": "215",
    "id_zone": "4",
    "id_currency": "0",
    "iso_code": "UG",
    "call_prefix": "256",
    "active": "0",
    "contains_states": "0",
    "need_identification_number": "0",
    "need_zip_code": "1",
    "zip_code_format": "",
    "display_tax_label": "1",
    "id_lang": "1",
    "name": "Uganda"
  },
  {
    "id_country": "216",
    "id_zone": "7",
    "id_currency": "0",
    "iso_code": "UA",
    "call_prefix": "380",
    "active": "0",
    "contains_states": "0",
    "need_identification_number": "0",
    "need_zip_code": "1",
    "zip_code_format": "NNNNN",
    "display_tax_label": "1",
    "id_lang": "1",
    "name": "Ukraine"
  },
  {
    "id_country": "217",
    "id_zone": "3",
    "id_currency": "0",
    "iso_code": "AE",
    "call_prefix": "971",
    "active": "0",
    "contains_states": "0",
    "need_identification_number": "0",
    "need_zip_code": "1",
    "zip_code_format": "",
    "display_tax_label": "1",
    "id_lang": "1",
    "name": "United Arab Emirates"
  },
  {
    "id_country": "218",
    "id_zone": "6",
    "id_currency": "0",
    "iso_code": "UY",
    "call_prefix": "598",
    "active": "0",
    "contains_states": "0",
    "need_identification_number": "0",
    "need_zip_code": "1",
    "zip_code_format": "",
    "display_tax_label": "1",
    "id_lang": "1",
    "name": "Uruguay"
  },
  {
    "id_country": "219",
    "id_zone": "3",
    "id_currency": "0",
    "iso_code": "UZ",
    "call_prefix": "998",
    "active": "0",
    "contains_states": "0",
    "need_identification_number": "0",
    "need_zip_code": "1",
    "zip_code_format": "",
    "display_tax_label": "1",
    "id_lang": "1",
    "name": "Uzbekistan"
  },
  {
    "id_country": "220",
    "id_zone": "5",
    "id_currency": "0",
    "iso_code": "VU",
    "call_prefix": "678",
    "active": "0",
    "contains_states": "0",
    "need_identification_number": "0",
    "need_zip_code": "1",
    "zip_code_format": "",
    "display_tax_label": "1",
    "id_lang": "1",
    "name": "Vanuatu"
  },
  {
    "id_country": "221",
    "id_zone": "6",
    "id_currency": "0",
    "iso_code": "VE",
    "call_prefix": "58",
    "active": "0",
    "contains_states": "0",
    "need_identification_number": "0",
    "need_zip_code": "1",
    "zip_code_format": "",
    "display_tax_label": "1",
    "id_lang": "1",
    "name": "Venezuela"
  },
  {
    "id_country": "222",
    "id_zone": "3",
    "id_currency": "0",
    "iso_code": "VN",
    "call_prefix": "84",
    "active": "0",
    "contains_states": "0",
    "need_identification_number": "0",
    "need_zip_code": "1",
    "zip_code_format": "NNNNNN",
    "display_tax_label": "1",
    "id_lang": "1",
    "name": "Vietnam"
  },
  {
    "id_country": "223",
    "id_zone": "2",
    "id_currency": "0",
    "iso_code": "VG",
    "call_prefix": "0",
    "active": "0",
    "contains_states": "0",
    "need_identification_number": "0",
    "need_zip_code": "1",
    "zip_code_format": "CNNNN",
    "display_tax_label": "1",
    "id_lang": "1",
    "name": "Virgin Islands (British)"
  },
  {
    "id_country": "224",
    "id_zone": "2",
    "id_currency": "0",
    "iso_code": "VI",
    "call_prefix": "0",
    "active": "0",
    "contains_states": "0",
    "need_identification_number": "0",
    "need_zip_code": "1",
    "zip_code_format": "",
    "display_tax_label": "1",
    "id_lang": "1",
    "name": "Virgin Islands (U.S.)"
  },
  {
    "id_country": "225",
    "id_zone": "5",
    "id_currency": "0",
    "iso_code": "WF",
    "call_prefix": "681",
    "active": "0",
    "contains_states": "0",
    "need_identification_number": "0",
    "need_zip_code": "1",
    "zip_code_format": "",
    "display_tax_label": "1",
    "id_lang": "1",
    "name": "Wallis and Futuna"
  },
  {
    "id_country": "226",
    "id_zone": "4",
    "id_currency": "0",
    "iso_code": "EH",
    "call_prefix": "0",
    "active": "0",
    "contains_states": "0",
    "need_identification_number": "0",
    "need_zip_code": "1",
    "zip_code_format": "",
    "display_tax_label": "1",
    "id_lang": "1",
    "name": "Western Sahara"
  },
  {
    "id_country": "227",
    "id_zone": "3",
    "id_currency": "0",
    "iso_code": "YE",
    "call_prefix": "967",
    "active": "0",
    "contains_states": "0",
    "need_identification_number": "0",
    "need_zip_code": "1",
    "zip_code_format": "",
    "display_tax_label": "1",
    "id_lang": "1",
    "name": "Yemen"
  },
  {
    "id_country": "228",
    "id_zone": "4",
    "id_currency": "0",
    "iso_code": "ZM",
    "call_prefix": "260",
    "active": "0",
    "contains_states": "0",
    "need_identification_number": "0",
    "need_zip_code": "1",
    "zip_code_format": "",
    "display_tax_label": "1",
    "id_lang": "1",
    "name": "Zambia"
  },
  {
    "id_country": "229",
    "id_zone": "4",
    "id_currency": "0",
    "iso_code": "ZW",
    "call_prefix": "263",
    "active": "0",
    "contains_states": "0",
    "need_identification_number": "0",
    "need_zip_code": "1",
    "zip_code_format": "",
    "display_tax_label": "1",
    "id_lang": "1",
    "name": "Zimbabwe"
  },
  {
    "id_country": "230",
    "id_zone": "7",
    "id_currency": "0",
    "iso_code": "AL",
    "call_prefix": "355",
    "active": "0",
    "contains_states": "0",
    "need_identification_number": "0",
    "need_zip_code": "1",
    "zip_code_format": "NNNN",
    "display_tax_label": "1",
    "id_lang": "1",
    "name": "Albania"
  },
  {
    "id_country": "231",
    "id_zone": "3",
    "id_currency": "0",
    "iso_code": "AF",
    "call_prefix": "93",
    "active": "0",
    "contains_states": "0",
    "need_identification_number": "0",
    "need_zip_code": "1",
    "zip_code_format": "NNNN",
    "display_tax_label": "1",
    "id_lang": "1",
    "name": "Afghanistan"
  },
  {
    "id_country": "232",
    "id_zone": "5",
    "id_currency": "0",
    "iso_code": "AQ",
    "call_prefix": "0",
    "active": "0",
    "contains_states": "0",
    "need_identification_number": "0",
    "need_zip_code": "1",
    "zip_code_format": "",
    "display_tax_label": "1",
    "id_lang": "1",
    "name": "Antarctica"
  },
  {
    "id_country": "233",
    "id_zone": "7",
    "id_currency": "0",
    "iso_code": "BA",
    "call_prefix": "387",
    "active": "0",
    "contains_states": "0",
    "need_identification_number": "0",
    "need_zip_code": "1",
    "zip_code_format": "",
    "display_tax_label": "1",
    "id_lang": "1",
    "name": "Bosnia and Herzegovina"
  },
  {
    "id_country": "234",
    "id_zone": "5",
    "id_currency": "0",
    "iso_code": "BV",
    "call_prefix": "0",
    "active": "0",
    "contains_states": "0",
    "need_identification_number": "0",
    "need_zip_code": "1",
    "zip_code_format": "",
    "display_tax_label": "1",
    "id_lang": "1",
    "name": "Bouvet Island"
  },
  {
    "id_country": "235",
    "id_zone": "5",
    "id_currency": "0",
    "iso_code": "IO",
    "call_prefix": "0",
    "active": "0",
    "contains_states": "0",
    "need_identification_number": "0",
    "need_zip_code": "1",
    "zip_code_format": "LLLL NLL",
    "display_tax_label": "1",
    "id_lang": "1",
    "name": "British Indian Ocean Territory"
  },
  {
    "id_country": "236",
    "id_zone": "1",
    "id_currency": "0",
    "iso_code": "BG",
    "call_prefix": "359",
    "active": "0",
    "contains_states": "0",
    "need_identification_number": "0",
    "need_zip_code": "1",
    "zip_code_format": "NNNN",
    "display_tax_label": "1",
    "id_lang": "1",
    "name": "Bulgaria"
  },
  {
    "id_country": "237",
    "id_zone": "8",
    "id_currency": "0",
    "iso_code": "KY",
    "call_prefix": "0",
    "active": "0",
    "contains_states": "0",
    "need_identification_number": "0",
    "need_zip_code": "1",
    "zip_code_format": "",
    "display_tax_label": "1",
    "id_lang": "1",
    "name": "Cayman Islands"
  },
  {
    "id_country": "238",
    "id_zone": "3",
    "id_currency": "0",
    "iso_code": "CX",
    "call_prefix": "0",
    "active": "0",
    "contains_states": "0",
    "need_identification_number": "0",
    "need_zip_code": "1",
    "zip_code_format": "",
    "display_tax_label": "1",
    "id_lang": "1",
    "name": "Christmas Island"
  },
  {
    "id_country": "239",
    "id_zone": "3",
    "id_currency": "0",
    "iso_code": "CC",
    "call_prefix": "0",
    "active": "0",
    "contains_states": "0",
    "need_identification_number": "0",
    "need_zip_code": "1",
    "zip_code_format": "",
    "display_tax_label": "1",
    "id_lang": "1",
    "name": "Cocos (Keeling) Islands"
  },
  {
    "id_country": "240",
    "id_zone": "5",
    "id_currency": "0",
    "iso_code": "CK",
    "call_prefix": "682",
    "active": "0",
    "contains_states": "0",
    "need_identification_number": "0",
    "need_zip_code": "1",
    "zip_code_format": "",
    "display_tax_label": "1",
    "id_lang": "1",
    "name": "Cook Islands"
  },
  {
    "id_country": "241",
    "id_zone": "6",
    "id_currency": "0",
    "iso_code": "GF",
    "call_prefix": "594",
    "active": "0",
    "contains_states": "0",
    "need_identification_number": "0",
    "need_zip_code": "1",
    "zip_code_format": "",
    "display_tax_label": "1",
    "id_lang": "1",
    "name": "French Guiana"
  },
  {
    "id_country": "242",
    "id_zone": "5",
    "id_currency": "0",
    "iso_code": "PF",
    "call_prefix": "689",
    "active": "0",
    "contains_states": "0",
    "need_identification_number": "0",
    "need_zip_code": "1",
    "zip_code_format": "",
    "display_tax_label": "1",
    "id_lang": "1",
    "name": "French Polynesia"
  },
  {
    "id_country": "243",
    "id_zone": "5",
    "id_currency": "0",
    "iso_code": "TF",
    "call_prefix": "0",
    "active": "0",
    "contains_states": "0",
    "need_identification_number": "0",
    "need_zip_code": "1",
    "zip_code_format": "",
    "display_tax_label": "1",
    "id_lang": "1",
    "name": "French Southern Territories"
  },
  {
    "id_country": "244",
    "id_zone": "7",
    "id_currency": "0",
    "iso_code": "AX",
    "call_prefix": "0",
    "active": "0",
    "contains_states": "0",
    "need_identification_number": "0",
    "need_zip_code": "1",
    "zip_code_format": "NNNNN",
    "display_tax_label": "1",
    "id_lang": "1",
    "name": "land Islands"
  }
]